{
    "plants" : [
        {
          "description": "Easy to take care of houseplant.",
          "photo": "rubberplant.jpg",
          "name": "Rubber Plant",
        },
        {
          "description": "Easy to take care of houseplant.",
          "photo": "rubberplant.jpg",
          "name": "Rubber Plant2",
        },
        {
          "description": "Easy to take care of houseplant.",
         " photo": "rubberplant.jpg",
          "name": "Rubber Plant2",
        }
      ]
   
} 